folder,file,fullpath
"2009 - A Higher Place","Born Of Osiris - A Higher Place.flac","C:/Users/RIGGUSPIG/Desktop/god-tier-metal/reference/audio-corpus/born_of_osiris/2009 - A Higher Place/Born Of Osiris - A Higher Place.flac"
"tracks","01 - Rebirth.flac","C:/Users/RIGGUSPIG/Desktop/god-tier-metal/reference/audio-corpus/born_of_osiris/2009 - A Higher Place/tracks/01 - Rebirth.flac"
"tracks","02 - Elimination.flac","C:/Users/RIGGUSPIG/Desktop/god-tier-metal/reference/audio-corpus/born_of_osiris/2009 - A Higher Place/tracks/02 - Elimination.flac"
"tracks","03 - The Accountable.flac","C:/Users/RIGGUSPIG/Desktop/god-tier-metal/reference/audio-corpus/born_of_osiris/2009 - A Higher Place/tracks/03 - The Accountable.flac"
"tracks","04 - Now Arise.flac","C:/Users/RIGGUSPIG/Desktop/god-tier-metal/reference/audio-corpus/born_of_osiris/2009 - A Higher Place/tracks/04 - Now Arise.flac"
"tracks","05 - Live Like I'm Real.flac","C:/Users/RIGGUSPIG/Desktop/god-tier-metal/reference/audio-corpus/born_of_osiris/2009 - A Higher Place/tracks/05 - Live Like I'm Real.flac"
"tracks","06 - Starved.flac","C:/Users/RIGGUSPIG/Desktop/god-tier-metal/reference/audio-corpus/born_of_osiris/2009 - A Higher Place/tracks/06 - Starved.flac"
"tracks","07 - Exist.flac","C:/Users/RIGGUSPIG/Desktop/god-tier-metal/reference/audio-corpus/born_of_osiris/2009 - A Higher Place/tracks/07 - Exist.flac"
"tracks","08 - Put To Rest.flac","C:/Users/RIGGUSPIG/Desktop/god-tier-metal/reference/audio-corpus/born_of_osiris/2009 - A Higher Place/tracks/08 - Put To Rest.flac"
"tracks","09 - A Descent.flac","C:/Users/RIGGUSPIG/Desktop/god-tier-metal/reference/audio-corpus/born_of_osiris/2009 - A Higher Place/tracks/09 - A Descent.flac"
"tracks","10 - A Higher Place.flac","C:/Users/RIGGUSPIG/Desktop/god-tier-metal/reference/audio-corpus/born_of_osiris/2009 - A Higher Place/tracks/10 - A Higher Place.flac"
"tracks","11 - An Ascent.flac","C:/Users/RIGGUSPIG/Desktop/god-tier-metal/reference/audio-corpus/born_of_osiris/2009 - A Higher Place/tracks/11 - An Ascent.flac"
"tracks","12 - Thrive.flac","C:/Users/RIGGUSPIG/Desktop/god-tier-metal/reference/audio-corpus/born_of_osiris/2009 - A Higher Place/tracks/12 - Thrive.flac"
"tracks","13 - Faces Of Death.flac","C:/Users/RIGGUSPIG/Desktop/god-tier-metal/reference/audio-corpus/born_of_osiris/2009 - A Higher Place/tracks/13 - Faces Of Death.flac"
"2013 - Tomorrow We Die ∆live","Born of Osiris - Tomorrow We Die ∆live.flac","C:/Users/RIGGUSPIG/Desktop/god-tier-metal/reference/audio-corpus/born_of_osiris/2013 - Tomorrow We Die ∆live/Born of Osiris - Tomorrow We Die ∆live.flac"
"tracks","01 - M∆chine.flac","C:/Users/RIGGUSPIG/Desktop/god-tier-metal/reference/audio-corpus/born_of_osiris/2013 - Tomorrow We Die ∆live/tracks/01 - M∆chine.flac"
"tracks","02 - Divergency.flac","C:/Users/RIGGUSPIG/Desktop/god-tier-metal/reference/audio-corpus/born_of_osiris/2013 - Tomorrow We Die ∆live/tracks/02 - Divergency.flac"
"tracks","03 - Mindful.flac","C:/Users/RIGGUSPIG/Desktop/god-tier-metal/reference/audio-corpus/born_of_osiris/2013 - Tomorrow We Die ∆live/tracks/03 - Mindful.flac"
"tracks","04 - Exhil∆r∆te.flac","C:/Users/RIGGUSPIG/Desktop/god-tier-metal/reference/audio-corpus/born_of_osiris/2013 - Tomorrow We Die ∆live/tracks/04 - Exhil∆r∆te.flac"
"tracks","05 - ∆bsolution.flac","C:/Users/RIGGUSPIG/Desktop/god-tier-metal/reference/audio-corpus/born_of_osiris/2013 - Tomorrow We Die ∆live/tracks/05 - ∆bsolution.flac"
"tracks","06 - The Origin.flac","C:/Users/RIGGUSPIG/Desktop/god-tier-metal/reference/audio-corpus/born_of_osiris/2013 - Tomorrow We Die ∆live/tracks/06 - The Origin.flac"
"tracks","07 - ∆eon III.flac","C:/Users/RIGGUSPIG/Desktop/god-tier-metal/reference/audio-corpus/born_of_osiris/2013 - Tomorrow We Die ∆live/tracks/07 - ∆eon III.flac"
"tracks","08 - Im∆gin∆ry Condition.flac","C:/Users/RIGGUSPIG/Desktop/god-tier-metal/reference/audio-corpus/born_of_osiris/2013 - Tomorrow We Die ∆live/tracks/08 - Im∆gin∆ry Condition.flac"
"tracks","09 - Illusionist.flac","C:/Users/RIGGUSPIG/Desktop/god-tier-metal/reference/audio-corpus/born_of_osiris/2013 - Tomorrow We Die ∆live/tracks/09 - Illusionist.flac"
"tracks","10 - Source Field.flac","C:/Users/RIGGUSPIG/Desktop/god-tier-metal/reference/audio-corpus/born_of_osiris/2013 - Tomorrow We Die ∆live/tracks/10 - Source Field.flac"
"tracks","11 - Venge∆nce.flac","C:/Users/RIGGUSPIG/Desktop/god-tier-metal/reference/audio-corpus/born_of_osiris/2013 - Tomorrow We Die ∆live/tracks/11 - Venge∆nce.flac"
"Born of Osiris - Soul Sphere (2015)","01 - The Other Half of Me.flac","C:/Users/RIGGUSPIG/Desktop/god-tier-metal/reference/audio-corpus/born_of_osiris/Born of Osiris - Soul Sphere (2015)/01 - The Other Half of Me.flac"
"Born of Osiris - Soul Sphere (2015)","02 - Throw Me in the Jungle.flac","C:/Users/RIGGUSPIG/Desktop/god-tier-metal/reference/audio-corpus/born_of_osiris/Born of Osiris - Soul Sphere (2015)/02 - Throw Me in the Jungle.flac"
"Born of Osiris - Soul Sphere (2015)","03 - Free Fall.flac","C:/Users/RIGGUSPIG/Desktop/god-tier-metal/reference/audio-corpus/born_of_osiris/Born of Osiris - Soul Sphere (2015)/03 - Free Fall.flac"
"Born of Osiris - Soul Sphere (2015)","04 - Illuminate.flac","C:/Users/RIGGUSPIG/Desktop/god-tier-metal/reference/audio-corpus/born_of_osiris/Born of Osiris - Soul Sphere (2015)/04 - Illuminate.flac"
"Born of Osiris - Soul Sphere (2015)","05 - The Sleeping and the Dead.flac","C:/Users/RIGGUSPIG/Desktop/god-tier-metal/reference/audio-corpus/born_of_osiris/Born of Osiris - Soul Sphere (2015)/05 - The Sleeping and the Dead.flac"
"Born of Osiris - Soul Sphere (2015)","06 - Tidebinder.flac","C:/Users/RIGGUSPIG/Desktop/god-tier-metal/reference/audio-corpus/born_of_osiris/Born of Osiris - Soul Sphere (2015)/06 - Tidebinder.flac"
"Born of Osiris - Soul Sphere (2015)","07 - Resilience.flac","C:/Users/RIGGUSPIG/Desktop/god-tier-metal/reference/audio-corpus/born_of_osiris/Born of Osiris - Soul Sphere (2015)/07 - Resilience.flac"
"Born of Osiris - Soul Sphere (2015)","08 - Goddess of the Dawn.flac","C:/Users/RIGGUSPIG/Desktop/god-tier-metal/reference/audio-corpus/born_of_osiris/Born of Osiris - Soul Sphere (2015)/08 - Goddess of the Dawn.flac"
"Born of Osiris - Soul Sphere (2015)","09 - The Louder the Sound, the More We All Believe.flac","C:/Users/RIGGUSPIG/Desktop/god-tier-metal/reference/audio-corpus/born_of_osiris/Born of Osiris - Soul Sphere (2015)/09 - The Louder the Sound, the More We All Believe.flac"
"Born of Osiris - Soul Sphere (2015)","10 - Warlords.flac","C:/Users/RIGGUSPIG/Desktop/god-tier-metal/reference/audio-corpus/born_of_osiris/Born of Osiris - Soul Sphere (2015)/10 - Warlords.flac"
"Born of Osiris - Soul Sphere (2015)","11 - River of Time.flac","C:/Users/RIGGUSPIG/Desktop/god-tier-metal/reference/audio-corpus/born_of_osiris/Born of Osiris - Soul Sphere (2015)/11 - River of Time.flac"
"Born of Osiris - Soul Sphere (2015)","12 - The Composer.flac","C:/Users/RIGGUSPIG/Desktop/god-tier-metal/reference/audio-corpus/born_of_osiris/Born of Osiris - Soul Sphere (2015)/12 - The Composer.flac"
"Born of Osiris - The Discovery (Fye Edition) (FLAC)","01 Follow the Signs.flac","C:/Users/RIGGUSPIG/Desktop/god-tier-metal/reference/audio-corpus/born_of_osiris/Born of Osiris - The Discovery (Fye Edition) (FLAC)/01 Follow the Signs.flac"
"Born of Osiris - The Discovery (Fye Edition) (FLAC)","02 Singularity.flac","C:/Users/RIGGUSPIG/Desktop/god-tier-metal/reference/audio-corpus/born_of_osiris/Born of Osiris - The Discovery (Fye Edition) (FLAC)/02 Singularity.flac"
"Born of Osiris - The Discovery (Fye Edition) (FLAC)","03 Ascension.flac","C:/Users/RIGGUSPIG/Desktop/god-tier-metal/reference/audio-corpus/born_of_osiris/Born of Osiris - The Discovery (Fye Edition) (FLAC)/03 Ascension.flac"
"Born of Osiris - The Discovery (Fye Edition) (FLAC)","04 Devastate.flac","C:/Users/RIGGUSPIG/Desktop/god-tier-metal/reference/audio-corpus/born_of_osiris/Born of Osiris - The Discovery (Fye Edition) (FLAC)/04 Devastate.flac"
"Born of Osiris - The Discovery (Fye Edition) (FLAC)","05 Recreate.flac","C:/Users/RIGGUSPIG/Desktop/god-tier-metal/reference/audio-corpus/born_of_osiris/Born of Osiris - The Discovery (Fye Edition) (FLAC)/05 Recreate.flac"
"Born of Osiris - The Discovery (Fye Edition) (FLAC)","06 Two Worlds of Design.flac","C:/Users/RIGGUSPIG/Desktop/god-tier-metal/reference/audio-corpus/born_of_osiris/Born of Osiris - The Discovery (Fye Edition) (FLAC)/06 Two Worlds of Design.flac"
"Born of Osiris - The Discovery (Fye Edition) (FLAC)","07 A Solution.flac","C:/Users/RIGGUSPIG/Desktop/god-tier-metal/reference/audio-corpus/born_of_osiris/Born of Osiris - The Discovery (Fye Edition) (FLAC)/07 A Solution.flac"
"Born of Osiris - The Discovery (Fye Edition) (FLAC)","08 Shaping the Masterpiece.flac","C:/Users/RIGGUSPIG/Desktop/god-tier-metal/reference/audio-corpus/born_of_osiris/Born of Osiris - The Discovery (Fye Edition) (FLAC)/08 Shaping the Masterpiece.flac"
"Born of Osiris - The Discovery (Fye Edition) (FLAC)","09 Dissimulation.flac","C:/Users/RIGGUSPIG/Desktop/god-tier-metal/reference/audio-corpus/born_of_osiris/Born of Osiris - The Discovery (Fye Edition) (FLAC)/09 Dissimulation.flac"
"Born of Osiris - The Discovery (Fye Edition) (FLAC)","10 Automatic Motion.flac","C:/Users/RIGGUSPIG/Desktop/god-tier-metal/reference/audio-corpus/born_of_osiris/Born of Osiris - The Discovery (Fye Edition) (FLAC)/10 Automatic Motion.flac"
"Born of Osiris - The Discovery (Fye Edition) (FLAC)","11 The Omniscient.flac","C:/Users/RIGGUSPIG/Desktop/god-tier-metal/reference/audio-corpus/born_of_osiris/Born of Osiris - The Discovery (Fye Edition) (FLAC)/11 The Omniscient.flac"
"Born of Osiris - The Discovery (Fye Edition) (FLAC)","12 Last Straw.flac","C:/Users/RIGGUSPIG/Desktop/god-tier-metal/reference/audio-corpus/born_of_osiris/Born of Osiris - The Discovery (Fye Edition) (FLAC)/12 Last Straw.flac"
"Born of Osiris - The Discovery (Fye Edition) (FLAC)","13 Regenerate.flac","C:/Users/RIGGUSPIG/Desktop/god-tier-metal/reference/audio-corpus/born_of_osiris/Born of Osiris - The Discovery (Fye Edition) (FLAC)/13 Regenerate.flac"
"Born of Osiris - The Discovery (Fye Edition) (FLAC)","14 XIV.flac","C:/Users/RIGGUSPIG/Desktop/god-tier-metal/reference/audio-corpus/born_of_osiris/Born of Osiris - The Discovery (Fye Edition) (FLAC)/14 XIV.flac"
"Born of Osiris - The Discovery (Fye Edition) (FLAC)","15 Behold.flac","C:/Users/RIGGUSPIG/Desktop/god-tier-metal/reference/audio-corpus/born_of_osiris/Born of Osiris - The Discovery (Fye Edition) (FLAC)/15 Behold.flac"
"Born of Osiris - The Discovery (Fye Edition) (FLAC)","16 Follow the Signs (Misha Mansoor Demo Mix).flac","C:/Users/RIGGUSPIG/Desktop/god-tier-metal/reference/audio-corpus/born_of_osiris/Born of Osiris - The Discovery (Fye Edition) (FLAC)/16 Follow the Signs (Misha Mansoor Demo Mix).flac"
"Born of Osiris - The Discovery (Fye Edition) (FLAC)","17 Singularity (Misha Mansoor Demo Mix).flac","C:/Users/RIGGUSPIG/Desktop/god-tier-metal/reference/audio-corpus/born_of_osiris/Born of Osiris - The Discovery (Fye Edition) (FLAC)/17 Singularity (Misha Mansoor Demo Mix).flac"
"Born of Osiris - The Discovery (Fye Edition) (FLAC)","18 Recreate (Misha Mansoor Demo Mix).flac","C:/Users/RIGGUSPIG/Desktop/god-tier-metal/reference/audio-corpus/born_of_osiris/Born of Osiris - The Discovery (Fye Edition) (FLAC)/18 Recreate (Misha Mansoor Demo Mix).flac"
"Born Of Osiris - The Eternal Reign - 2017","01 - Rosecrance.flac","C:/Users/RIGGUSPIG/Desktop/god-tier-metal/reference/audio-corpus/born_of_osiris/Born Of Osiris - The Eternal Reign - 2017/01 - Rosecrance.flac"
"Born Of Osiris - The Eternal Reign - 2017","02 - Empires Erased.flac","C:/Users/RIGGUSPIG/Desktop/god-tier-metal/reference/audio-corpus/born_of_osiris/Born Of Osiris - The Eternal Reign - 2017/02 - Empires Erased.flac"
"Born Of Osiris - The Eternal Reign - 2017","03 - Open Arms To Damnation.flac","C:/Users/RIGGUSPIG/Desktop/god-tier-metal/reference/audio-corpus/born_of_osiris/Born Of Osiris - The Eternal Reign - 2017/03 - Open Arms To Damnation.flac"
"Born Of Osiris - The Eternal Reign - 2017","04 - Abstract Art.flac","C:/Users/RIGGUSPIG/Desktop/god-tier-metal/reference/audio-corpus/born_of_osiris/Born Of Osiris - The Eternal Reign - 2017/04 - Abstract Art.flac"
"Born Of Osiris - The Eternal Reign - 2017","05 - The New Reign.flac","C:/Users/RIGGUSPIG/Desktop/god-tier-metal/reference/audio-corpus/born_of_osiris/Born Of Osiris - The Eternal Reign - 2017/05 - The New Reign.flac"
"Born Of Osiris - The Eternal Reign - 2017","06 - Brace Legs.flac","C:/Users/RIGGUSPIG/Desktop/god-tier-metal/reference/audio-corpus/born_of_osiris/Born Of Osiris - The Eternal Reign - 2017/06 - Brace Legs.flac"
"Born Of Osiris - The Eternal Reign - 2017","07 - Bow Down.flac","C:/Users/RIGGUSPIG/Desktop/god-tier-metal/reference/audio-corpus/born_of_osiris/Born Of Osiris - The Eternal Reign - 2017/07 - Bow Down.flac"
"Born Of Osiris - The Eternal Reign - 2017","08 - The Takeover.flac","C:/Users/RIGGUSPIG/Desktop/god-tier-metal/reference/audio-corpus/born_of_osiris/Born Of Osiris - The Eternal Reign - 2017/08 - The Takeover.flac"
"Born Of Osiris - The Eternal Reign - 2017","09 - Glorious Day.flac","C:/Users/RIGGUSPIG/Desktop/god-tier-metal/reference/audio-corpus/born_of_osiris/Born Of Osiris - The Eternal Reign - 2017/09 - Glorious Day.flac"
"Born of Osiris - The Simulation (2019)","01 The Accursed.flac","C:/Users/RIGGUSPIG/Desktop/god-tier-metal/reference/audio-corpus/born_of_osiris/Born of Osiris - The Simulation (2019)/01 The Accursed.flac"
"Born of Osiris - The Simulation (2019)","02 Disconnectome.flac","C:/Users/RIGGUSPIG/Desktop/god-tier-metal/reference/audio-corpus/born_of_osiris/Born of Osiris - The Simulation (2019)/02 Disconnectome.flac"
"Born of Osiris - The Simulation (2019)","03 Cycles of Tragedy.flac","C:/Users/RIGGUSPIG/Desktop/god-tier-metal/reference/audio-corpus/born_of_osiris/Born of Osiris - The Simulation (2019)/03 Cycles of Tragedy.flac"
"Born of Osiris - The Simulation (2019)","04 Under the Gun.flac","C:/Users/RIGGUSPIG/Desktop/god-tier-metal/reference/audio-corpus/born_of_osiris/Born of Osiris - The Simulation (2019)/04 Under the Gun.flac"
"Born of Osiris - The Simulation (2019)","05 Recursion.flac","C:/Users/RIGGUSPIG/Desktop/god-tier-metal/reference/audio-corpus/born_of_osiris/Born of Osiris - The Simulation (2019)/05 Recursion.flac"
"Born of Osiris - The Simulation (2019)","06 Analogs in a Cell.flac","C:/Users/RIGGUSPIG/Desktop/god-tier-metal/reference/audio-corpus/born_of_osiris/Born of Osiris - The Simulation (2019)/06 Analogs in a Cell.flac"
"Born of Osiris - The Simulation (2019)","07 Silence the Echo.flac","C:/Users/RIGGUSPIG/Desktop/god-tier-metal/reference/audio-corpus/born_of_osiris/Born of Osiris - The Simulation (2019)/07 Silence the Echo.flac"
"Born of Osiris - The Simulation (2019)","08 One Without the Other.flac","C:/Users/RIGGUSPIG/Desktop/god-tier-metal/reference/audio-corpus/born_of_osiris/Born of Osiris - The Simulation (2019)/08 One Without the Other.flac"
